text,label
slot gacor maxwin 1000x deposit 10rb,spam
togel online angka jitu prediksi akurat,spam
casino online deposit via dana gopay,spam
judi bola parlay menang terus,spam
slot pragmatic jackpot besar pasti menang,spam
bonus freespin buy spin scatter hitam,spam
rtp slot tinggi gacor hari ini,spam
withdraw cepat tanpa ribet proses instant,spam
thanks for sharing this tutorial,ham
subscribed! love your content,ham
very informative and well explained,ham
"this helped me a lot, thank you!",ham
"amazing work, keep it up!",ham
i learned something new today,ham
best explanation i've found online,ham
Menang besar di game slot terbaru kami!,spam
Info bocoran togel SGP dan HK malam ini.,spam
Mainkan live casino dengan dealer cantik.,spam
Promo terbatas! Bonus deposit 50% untuk member baru.,spam
"Layanan 24 jam non-stop, proses WD cepat.",spam
"Gampang menang, gampang maxwin!",spam
"Penjelasannya mudah dipahami, bahkan untuk pemula.",ham
Boleh tanya-tanya di kolom komentar kan?,ham
"Saya sudah coba dan berhasil, terima kasih!",ham
"Sangat menginspirasi, teruslah berkarya!",ham
"Modal receh untung jutaan, cuma disini tempatnya.",spam
"Proses WD cuma 3 menit, ga pake lama.",spam
"Gak perlu skill, cukup hoki bisa untung gede.",spam
Aku menang lagi! WD time!⁄,spam
"Sudah terbukti membayar, jangan ragu untuk WD.",spam
"Untung terus tiap hari, auto jadi sultan.",spam
"Gak nyangka bisa WD segini banyak, makasih admin!",spam
Join grup VIP kami untuk sinyal untung setiap hari.,spam
"Pola gacor hari ini, dijamin untung dan bisa WD.",spam
WD puluhan juta setiap hari itu nyata!,spam
Apakah ada subtitle bahasa Indonesia?,ham
Musik latarnya apa ya judulnya? Enak banget.,ham
Saya punya pertanyaan tentang menit 5:32.,ham
Akhirnya ada yang bahas topik ini secara mendalam.,ham
"Saya nonton ini sambil makan, jadi makin seru.",ham
"Keren editingnya, smooth banget transisinya.",ham
Jadi pengen coba juga setelah nonton ini.,ham
Ada yang dari kota X? Absen dulu.,ham
Ini channel favoritku untuk belajar hal baru.,ham
"Saya kurang setuju di bagian ..., tapi overall bagus.",ham
Siapa yang nonton di tahun 2025?,ham
"Waktu uploadnya konsisten ya, suka deh.",ham
Penjelasannya detail dan tidak bertele-tele.,ham
"Lucu banget pas bagian akhir, ngakak.",ham
Cuma modal goban bisa wd jutaan,spam
jp paus wd gede banget,spam
gaskeun wd lagi bosku,spam
"nice info, jadi pengen coba juga nih",ham
"Keren, Bang! Sukses terus channelnya!",ham
"Gas maxwin, jangan kasih kendor!",spam
"Ini nih yang bikin semangat, auto wd!",spam
"Gila, baru depo langsung maxwin!",spam
"Thanks, Bang! Infonya bermanfaat banget.",ham
"Gokil, emang rejeki gak kemana.",ham
Selalu ada kejutan di setiap game.,spam
"Depo kecil, hasil maksimal. Mantap!",spam
"Hoki banget hari ini, bisa wd berkali-kali.",spam
"Keren, Bang! Semoga makin sukses.",ham
Ada yang tau cara dapetin scatter gratis?,spam
"Gila, game ini bikin nagih!",ham
"Mantap, Bang! Selalu update info terbaru.",ham
Ada yang mau join mabar?,ham
Gak nyangka bisa dapet jackpot segede ini.,spam
Ada yang punya kode referral?,spam
"Gila, baru main udah untung banyak.",spam
"Mantap, Bang! Terus berkarya.",ham
Ada yang tau jam hoki main slot?,spam
"Gila, grafiknya keren banget!",ham
"Gila, bonusnya gak main-main!",spam
"Mantap, Bang! Ditunggu giveaway-nya.",ham
Ada yang tau cara atasi lag saat main?,ham
"Gila, sound effect-nya bikin semangat!",ham
"Mantap, Bang! Semoga sehat selalu.",ham
"Gila, event-nya seru-seru!",spam
"Mantap, Bang! Ditunggu kolaborasinya.",ham
Ada yang tau cara deposit via pulsa?,spam
"Gila, komunitasnya solid banget!",ham
Ada yang tau cara jadi member VIP?,spam
"Gila, turnamennya hadiahnya gede banget!",spam
Ada yang tau cara klaim bonus cashback?,spam
Ada yang tau cara hubungi adminnya?,spam
Ada yang tau cara ganti password?,ham
Ada yang tau cara liat RTP slot?,spam
"Gila, pilihan banknya lengkap banget!",ham
Ada yang tau cara download aplikasinya?,spam
"Gila, minimal depositnya rendah banget!",spam
Ada yang tau cara main di PC?,ham
"Gila, jackpot progresifnya bikin ngiler!",spam
Ada yang tau cara verifikasi akun?,ham
"Gila, customer servicenya 24 jam nonstop!",spam
Ada yang tau cara hapus akun?,ham
"Gila, minimal withdrawnya kecil banget!",spam
Ada yang tau cara ganti no HP?,ham
"Gila, proses transaksinya cepet banget!",spam
Ada yang tau cara liat history permainan?,ham
"Gila, bonus referralnya gede banget!",spam
Ada yang tau cara top up saldo?,ham
"Gila, pilihan providernya banyak banget!",spam
Ada yang tau cara mengatasi lupa password?,ham
"Gila, program loyalitasnya menguntungkan!",spam
Ada yang tau cara main mode demo?,ham
"Gila, bonus new membernya 100%!",spam
Ada yang tau cara dapetin free spin?,spam
"Gila, ada fitur buy spin, jadi gak perlu nunggu lama!",spam
Ada yang tau cara jadi agen?,spam
"Gila, ada bonus turnover setiap minggu!",spam
Ada yang tau cara dapetin bonus deposit?,spam
"Gila, ada bonus cashback mingguan!",spam
Ada yang tau cara main mix parlay?,spam
"Gila, ada bonus rollingan setiap hari!",spam
Ada yang tau cara pasang togel?,spam
"Gila, ada bonus absensi setiap hari!",spam
Ada yang tau cara menang terus main slot?,spam
"Gila, ada bonus ulang tahun buat member setia!",spam
"Main slot online, menang jutaan rupiah setiap hari.",spam
"Agen bola terpercaya, pasaran terbaik.",spam
Live casino dengan dealer cantik dan seksi.,spam
Togel online dengan diskon dan hadiah terbesar.,spam
"Poker online, raih kemenanganmu sekarang juga.",spam
"Judi online24jam, deposit pulsa tanpa potongan.",spam
Saya suka dengan gaya penyampaiannya.,ham
Terima kasih atas informasinya.,ham
"Sangat membantu, terima kasih.",ham
"Warna-warnanya enak dilihat, tidak norak.",ham
Informasi yang disajikan lengkap dan jelas.,ham
Saya mudah menemukan apa yang saya cari.,ham
"Bonus, promo, jackpot, maxwin, scatter, freespin.",spam
"RTP, volatilitas, provider, game, taruhan, pasang.",spam
"Aman, terpercaya, resmi, lisensi, 24jam, online.",spam
"Cepat, mudah, instan, tanpa ribet, proses.",spam
"Dana, gopay, ovo, pulsa, bank, transfer.",spam
"Jitu, akurat, prediksi, bocoran, angka, mimpi.",spam
"Menang, kalah, untung, rugi, hoki, sial.",spam
"Mantap, keren, bagus, terbaik, favorit, suka.",ham
"Informasi, tutorial, cara, tips, trik, panduan.",ham
"Belajar, tahu, paham, mengerti, coba, praktek.",ham
"Terima kasih, makasih, thanks, nuwun, hatur nuhun.",ham
"Inspirasi, motivasi, semangat, sukses, karya.",ham
"Tunggu, nanti, selanjutnya, berikutnya, update.",ham
"Bantu, tolong, tanya, jawab, komentar, diskusi.",ham
"Suka, favorit, cinta, asek, seru, asyik.",ham
"Aman, terpercaya, resmi, lisensi, PAGCOR, BMM.",spam
"Provider, Pragmatic, PG Soft, Habanero, Joker, Spadegaming.",spam
"Game, Gates of Olympus, Starlight Princess, Sweet Bonanza, Mahjong Ways.",spam
"RTP, winrate, gacor, maxwin, jackpot, sensational.",spam
"Bank, BCA, BNI, BRI, Mandiri, CIMB, Danamon.",spam
"Pulsa, Telkomsel, XL, Axis, Indosat, Tri.",spam
"Pola Olympus paling gacor, dijamin maxwin!",spam
"Cari room bagus buat JP malam ini, ada info?",spam
"WD 10jt dari main slot, fix wd no tipu-tipu!",spam
"RTP lagi tinggi, ayo buyspin sekarang!",spam
"Bandar slot terpercaya, garansi withdraw dibayar.",spam
"Akun baru hoki, langsung dapet scatter.",spam
"Rumus jitu main slot, dijamin cuan.",spam
"Jam hoki main Zeus, JP x500 menanti.",spam
Cukong mana nih yang lagi bagi-bagi JP?,spam
Gimana cara withdraw dari slot ini ya?,ham
RTP itu apa sih? Ada yang bisa jelasin?,ham
"Saya suka nonton live slot, seru liat orang maxwin.",ham
Room ini bagus ga ya buat main?,ham
"Pola nya susah banget ditebak, ada tips?",ham
Depo pake pulsa bisa ga sih?,ham
Ini game slot nya mirip olympus ya.,ham
"Kalah mulu, ada yang punya rumus anti rungkad?",ham
Gacor bener abang ini mainnya.,ham
Dapet JP berapa bang?,ham
Garansi anti lag ga nih?,ham
"Cuan terus main di room ini, mantap!",spam
"Pola scatter terbaru, auto maxwin!",spam
Jam hoki buat withdraw kapan ya?,spam
"Depo receh, WD sultan. Fix WD!",spam
"RTP live paling akurat, jangan sampe salah pilih slot.",spam
"Buyspin di jam gacor, auto JP paus.",spam
"Bandar lagi baik nih, banyak yang maxwin.",spam
"Akun baru dijamin gacor, depo pertama bonus 100%.",spam
"Rumus dari kakek Zeus, dijamin cuan!",spam
"Cukong slot lagi bagi-bagi angpao, jangan ketinggalan!",spam
